{"coeffs_x": [17.70663644160552, -3.3461817887550964, -7.481952484575837], "coeffs_y": [-4.689984227182, -9.946371342570338, 5.119426107457382]}